{
    "n_layers": 4,
    "gamma": 0.4,
    "seed": 42,
    "current_epoch": 150,
    "total_epochs": 200,
    "current_train_loss": 7.646972601393833e-05,
    "current_composite_acc": 0.03,
    "current_symmetric_acc": 0.030555555555555555,
    "best_composite_acc": 0.035555555555555556,
    "best_composite_epoch": 100,
    "best_symmetric_acc": 0.07166666666666667,
    "best_symmetric_epoch": 20,
    "early_stopped": false
}