{
    "n_layers": 4,
    "gamma": 0.4,
    "seed": 42,
    "current_epoch": 200,
    "total_epochs": 200,
    "current_train_loss": 2.8636514445902227e-05,
    "current_composite_acc": 0.020555555555555556,
    "current_symmetric_acc": 0.028888888888888888,
    "best_composite_acc": 0.035555555555555556,
    "best_composite_epoch": 100,
    "best_symmetric_acc": 0.07166666666666667,
    "best_symmetric_epoch": 20,
    "early_stopped": false
}