{
    "n_layers": 3,
    "gamma": 0.8,
    "seed": 42,
    "current_epoch": 200,
    "total_epochs": 200,
    "current_train_loss": 0.03444385437332854,
    "current_composite_acc": 0.2611111111111111,
    "current_symmetric_acc": 0.03333333333333333,
    "best_composite_acc": 0.6172222222222222,
    "best_composite_epoch": 90,
    "best_symmetric_acc": 0.044444444444444446,
    "best_symmetric_epoch": 10,
    "early_stopped": false
}