{
    "n_layers": 2,
    "gamma": 0.9,
    "seed": 42,
    "current_epoch": 200,
    "total_epochs": 200,
    "current_train_loss": 0.09337835763992906,
    "current_composite_acc": 0.12333333333333334,
    "current_symmetric_acc": 0.009444444444444445,
    "best_composite_acc": 0.3927777777777778,
    "best_composite_epoch": 90,
    "best_symmetric_acc": 0.04833333333333333,
    "best_symmetric_epoch": 20,
    "early_stopped": false
}