{
    "n_layers": 5,
    "gamma": 1.0,
    "seed": 42,
    "current_epoch": 200,
    "total_epochs": 200,
    "current_train_loss": 0.27021072024390813,
    "current_composite_acc": 0.6944444444444444,
    "current_symmetric_acc": 0.0,
    "best_composite_acc": 0.9066666666666666,
    "best_composite_epoch": 130,
    "best_symmetric_acc": 0.029444444444444443,
    "best_symmetric_epoch": 30,
    "early_stopped": false
}