{
    "n_layers": 7,
    "gamma": 1.0,
    "seed": 42,
    "current_epoch": 200,
    "total_epochs": 200,
    "current_train_loss": 0.5054575821169379,
    "current_composite_acc": 0.8555555555555555,
    "current_symmetric_acc": 0.0016666666666666668,
    "best_composite_acc": 0.86,
    "best_composite_epoch": 190,
    "best_symmetric_acc": 0.03833333333333333,
    "best_symmetric_epoch": 10,
    "early_stopped": false
}