{
    "n_layers": 3,
    "gamma": 1.5,
    "seed": 42,
    "current_epoch": 200,
    "total_epochs": 200,
    "current_train_loss": 0.9155615645201027,
    "current_composite_acc": 0.7211111111111111,
    "current_symmetric_acc": 0.0,
    "best_composite_acc": 0.7594444444444445,
    "best_composite_epoch": 140,
    "best_symmetric_acc": 0.04777777777777778,
    "best_symmetric_epoch": 30,
    "early_stopped": false
}