{
    "n_layers": 2,
    "gamma": 0.8,
    "seed": 42,
    "current_epoch": 200,
    "total_epochs": 200,
    "current_train_loss": 0.06139585821806979,
    "current_composite_acc": 0.4305555555555556,
    "current_symmetric_acc": 0.0,
    "best_composite_acc": 0.6627777777777778,
    "best_composite_epoch": 110,
    "best_symmetric_acc": 0.06277777777777778,
    "best_symmetric_epoch": 40,
    "early_stopped": false
}