{
    "n_layers": 4,
    "gamma": 0.1,
    "seed": 42,
    "current_epoch": 200,
    "total_epochs": 200,
    "current_train_loss": 4.464541539042985,
    "current_composite_acc": 0.013333333333333334,
    "current_symmetric_acc": 0.013888888888888888,
    "best_composite_acc": 0.019444444444444445,
    "best_composite_epoch": 30,
    "best_symmetric_acc": 0.021111111111111112,
    "best_symmetric_epoch": 30,
    "early_stopped": false
}