{
    "checkpoint": "results/0_train_phase_diagram/L2_G1.0/model_final.pt",
    "config": {
        "n_layers": 2,
        "gamma": 1.0,
        "d_model": 32,
        "d_state": 128,
        "d_conv": 4,
        "vocab_size": 100,
        "seed": 42,
        "batch_size": 2048,
        "epochs": 200,
        "initial_lr": 1e-05,
        "warmup_target_lr": 0.00025,
        "warmup_epochs": 10,
        "weight_decay": 0.01,
        "gradient_clip_norm": 1.0,
        "num_train_samples": 300000,
        "num_eval_samples": 1800,
        "output_dir": "results/0_train_phase_diagram/L2_G1.0",
        "log_interval": 10,
        "device": "cuda"
    },
    "n_layers": 2,
    "gamma": 1.0,
    "seed": 42,
    "epoch0": {
        "layer_0": [
            [
                1.0000001192092896,
                0.01983138918876648,
                -0.09012792259454727,
                0.08313298225402832
            ],
            [
                0.01983138918876648,
                1.0,
                0.00150403194129467,
                -0.2968733310699463
            ],
            [
                -0.09012792259454727,
                0.00150403194129467,
                0.9999998807907104,
                0.04182875528931618
            ],
            [
                0.08313298225402832,
                -0.2968733310699463,
                0.04182875528931618,
                1.0
            ]
        ],
        "layer_1": [
            [
                1.0,
                -0.08425146341323853,
                0.026730850338935852,
                -0.00792276207357645
            ],
            [
                -0.08425146341323853,
                1.0,
                0.10544200241565704,
                -0.031829528510570526
            ],
            [
                0.026730850338935852,
                0.10544200241565704,
                1.0,
                0.03161575645208359
            ],
            [
                -0.00792276207357645,
                -0.031829528510570526,
                0.03161575645208359,
                0.9999998807907104
            ]
        ]
    },
    "epoch_final": {
        "layer_0": [
            [
                0.9999998807907104,
                0.0011601410806179047,
                -0.010152768343687057,
                -0.04046860337257385
            ],
            [
                0.0011601410806179047,
                1.0,
                0.547995924949646,
                0.13954013586044312
            ],
            [
                -0.010152768343687057,
                0.547995924949646,
                1.0,
                -0.024766800925135612
            ],
            [
                -0.04046860337257385,
                0.13954013586044312,
                -0.024766800925135612,
                0.9999998807907104
            ]
        ],
        "layer_1": [
            [
                1.0,
                0.7471970319747925,
                0.5820351839065552,
                0.2195715755224228
            ],
            [
                0.7471970319747925,
                0.9999999403953552,
                0.7132922410964966,
                0.5589597225189209
            ],
            [
                0.5820351839065552,
                0.7132922410964966,
                1.0,
                0.3430589437484741
            ],
            [
                0.2195715755224228,
                0.5589597225189209,
                0.3430589437484741,
                0.9999998807907104
            ]
        ]
    },
    "final_epoch": 200
}