{
    "n_layers": 4,
    "gamma": 0.2,
    "seed": 42,
    "current_epoch": 200,
    "total_epochs": 200,
    "current_train_loss": 4.304770829726238,
    "current_composite_acc": 0.012222222222222223,
    "current_symmetric_acc": 0.011666666666666667,
    "best_composite_acc": 0.020555555555555556,
    "best_composite_epoch": 80,
    "best_symmetric_acc": 0.02,
    "best_symmetric_epoch": 30,
    "early_stopped": false
}